facility_id,expected_yield
1,326329.80899999995
2,236226.60299999997
3,342846.0264999999
4,315923.1559999999
5,240154.70249999996
6,268732.117
7,229970.48700000002
8,281746.494
9,294326.3435000001
10,232629.01150000002
11,255145.40350000001
12,257343.87649999995
13,68697.4725
